id,area,capability,source,reference_version,scope_decision,weight,requirement,task,test_id,acceptance,implementation_status,evidence,mvp_conflict
MDL-001,Assignment_settings,Texto en línea,https://docs.moodle.org/502/en/Assignment_settings,5.2 docs,pending,,LMS-016,T2,PAR-001,"Guardar texto, recargar y recuperar exactamente el borrador propio.",unverified,,
MDL-002,Assignment_settings,Entrega de archivos,https://docs.moodle.org/502/en/Assignment_settings,5.2 docs,pending,,LMS-016,T2,PAR-002,Subir archivo permitido y descargarlo con autorización; rechazar archivo ajeno.,unverified,,
MDL-003,Assignment_settings,Apertura de entrega,https://docs.moodle.org/502/en/Assignment_settings,5.2 docs,pending,,LMS-016,T2,PAR-003,Antes de apertura se muestran instrucciones pero no se acepta entrega.,unverified,,
MDL-004,Assignment_settings,Vencimiento,https://docs.moodle.org/502/en/Assignment_settings,5.2 docs,pending,,LMS-016,T2,PAR-004,Una entrega posterior al vencimiento queda marcada como tardía.,unverified,,
MDL-005,Assignment_settings,Cierre de entrega,https://docs.moodle.org/502/en/Assignment_settings,5.2 docs,pending,,LMS-016,T2,PAR-005,Después del cierre el servidor rechaza el envío salvo extensión autorizada.,unverified,,
MDL-006,Assignment_settings,Límite de archivos,https://docs.moodle.org/502/en/Assignment_settings,5.2 docs,pending,,LMS-016,T2,PAR-006,Rechazar tamaño o cantidad superior al límite configurado sin envío parcial.,unverified,,
MDL-007,Assignment_settings,Tipos de archivo,https://docs.moodle.org/502/en/Assignment_settings,5.2 docs,pending,,LMS-016,T2,PAR-007,Rechazar tipo no permitido aunque cambie la extensión del nombre.,unverified,,
MDL-008,Assignment_settings,Envío definitivo,https://docs.moodle.org/502/en/Assignment_settings,5.2 docs,pending,,LMS-016,T2,PAR-008,Confirmar envío fija una versión que el estudiante no puede editar.,unverified,,
MDL-009,Assignment_settings,Reapertura,https://docs.moodle.org/502/en/Assignment_settings,5.2 docs,pending,,LMS-016,T2,PAR-009,Reabrir con permiso permite nuevo intento y conserva el anterior.,unverified,,
MDL-010,Assignment_settings,Máximo de intentos,https://docs.moodle.org/502/en/Assignment_settings,5.2 docs,pending,,LMS-016,T2,PAR-010,Rechazar nuevo intento cuando se agota la cantidad configurada.,unverified,,
MDL-011,Assignment_settings,Entrega grupal,https://docs.moodle.org/502/en/Assignment_settings,5.2 docs,pending,,LMS-016,T2,PAR-011,Una entrega común se vincula únicamente a los integrantes autorizados.,unverified,,
MDL-012,Assignment_settings,Nota individual en grupo,https://docs.moodle.org/502/en/Assignment_settings,5.2 docs,pending,,LMS-016,T2,PAR-012,Permitir nota individual distinta sin alterar la de otros integrantes.,unverified,,
MDL-013,Assignment_activity,Nota manual,https://docs.moodle.org/502/en/Assignment_activity,5.2 docs,pending,,LMS-017,T3,PAR-013,Guardar puntuación en rango y recuperarla tras recargar.,unverified,,
MDL-014,Assignment_activity,Comentario de devolución,https://docs.moodle.org/502/en/Assignment_activity,5.2 docs,pending,,LMS-017,T3,PAR-014,Publicar comentario y mostrarlo únicamente al estudiante destinatario.,unverified,,
MDL-015,Assignment_activity,Descarga de entrega,https://docs.moodle.org/502/en/Assignment_activity,5.2 docs,pending,,LMS-017,T3,PAR-015,Docente asignado puede descargar evidencia y docente ajeno no puede.,unverified,,
MDL-016,Assignment_settings,Archivo de devolución,https://docs.moodle.org/502/en/Assignment_settings,5.2 docs,pending,,LMS-017,T3,PAR-016,Adjuntar archivo de corrección y restringir su descarga al destinatario.,unverified,,
MDL-017,Assignment_settings,Comentarios sobre texto,https://docs.moodle.org/502/en/Assignment_settings,5.2 docs,pending,,LMS-017,T3,PAR-017,Conservar comentario asociado al fragmento de la versión corregida.,unverified,,
MDL-018,Assignment_settings,Anotación PDF,https://docs.moodle.org/502/en/Assignment_settings,5.2 docs,pending,,LMS-017,T3,PAR-018,Guardar anotación y recuperar el documento anotado sin modificar el original.,unverified,,
MDL-019,Assignment_settings,Corrección anónima,https://docs.moodle.org/502/en/Assignment_settings,5.2 docs,pending,,LMS-017,T3,PAR-019,Ocultar identidad durante corrección y controlar su revelación.,unverified,,
MDL-020,Assignment_settings,Flujo de corrección,https://docs.moodle.org/502/en/Assignment_settings,5.2 docs,pending,,LMS-017,T3,PAR-020,"Separar pendiente, corrigiendo, corregido, revisión, listo y publicado.",unverified,,
MDL-021,Assignment_settings,Asignación de correctores,https://docs.moodle.org/502/en/Assignment_settings,5.2 docs,pending,,LMS-017,T3,PAR-021,Restringir escritura según corrector asignado y conservar auditoría.,unverified,,
MDL-022,Assignment_settings,Varios correctores,https://docs.moodle.org/502/en/Assignment_settings,5.2 docs,pending,,LMS-017,T3,PAR-022,Registrar correcciones de varios evaluadores sin sobrescritura silenciosa.,unverified,,
MDL-023,Assignment_settings,Aviso de devolución,https://docs.moodle.org/502/en/Assignment_settings,5.2 docs,pending,,LMS-017,T3,PAR-023,Publicar nota genera un aviso propio y el reintento no lo duplica.,unverified,,
MDL-024,Grades,Tabla de notas,https://docs.moodle.org/502/en/Grades,5.2 docs,pending,,LMS-018,T4,PAR-024,Consolidar ítems por estudiante y curso con acceso autorizado.,unverified,,
MDL-025,Grades,Nota oculta,https://docs.moodle.org/502/en/Grades,5.2 docs,pending,,LMS-018,T4,PAR-025,Nota oculta y su contribución no se filtran al estudiante.,unverified,,
MDL-026,Grades,Escalas,https://docs.moodle.org/502/en/Grades,5.2 docs,pending,,LMS-018,T4,PAR-026,Asignar un valor de la escala configurada y rechazar valores ajenos.,unverified,,
MDL-027,Grades,Historial,https://docs.moodle.org/502/en/Grades,5.2 docs,pending,,LMS-018,T4,PAR-027,"Consultar autor, fecha, motivo y valores antes y después de cada revisión.",unverified,,
MDL-028,Grades,Importación,https://docs.moodle.org/502/en/Grades,5.2 docs,pending,,LMS-018,T4,PAR-028,Prevalidar filas y permisos antes de confirmar cambios de notas.,unverified,,
MDL-029,Grades,Exportación,https://docs.moodle.org/502/en/Grades,5.2 docs,pending,,LMS-018,T4,PAR-029,Exportar únicamente datos autorizados con mitigación de fórmulas CSV.,unverified,,
MDL-030,Grade_categories,Categorías,https://docs.moodle.org/502/en/Grade_categories,5.2 docs,pending,,LMS-018,T4,PAR-030,Organizar ítems sin ciclos y conservar su pertenencia al curso.,unverified,,
MDL-031,Grade_categories,Agregación,https://docs.moodle.org/502/en/Grade_categories,5.2 docs,pending,,LMS-018,T4,PAR-031,Reproducir resultados esperados para cada estrategia acordada.,unverified,,
MDL-032,Grade_categories,Notas vacías,https://docs.moodle.org/502/en/Grade_categories,5.2 docs,pending,,LMS-018,T4,PAR-032,Distinguir vacío de cero según la política configurada.,unverified,,
MDL-033,Grades,Rúbrica,https://docs.moodle.org/502/en/Grades,5.2 docs,pending,,LMS-019,T4,PAR-033,Calcular nota desde criterios y niveles de una versión inmutable.,unverified,,
MDL-034,Grades,Guía de evaluación,https://docs.moodle.org/502/en/Grades,5.2 docs,pending,,LMS-019,T4,PAR-034,Guardar puntuación y observaciones por criterio y total validado.,unverified,,
MDL-035,Quiz_activity,Preguntas reutilizables,https://docs.moodle.org/502/en/Quiz_activity,5.2 docs,pending,,LMS-020,T5,PAR-035,Reutilizar pregunta sin cambiar retrospectivamente intentos anteriores.,unverified,,
MDL-036,Quiz_activity,Evaluación objetiva,https://docs.moodle.org/502/en/Quiz_activity,5.2 docs,pending,,LMS-020,T5,PAR-036,Calcular resultado en servidor sin recibir claves del estudiante.,unverified,,
MDL-037,Quiz_settings,Apertura y cierre de cuestionario,https://docs.moodle.org/502/en/Quiz_settings,5.2 docs,pending,,LMS-020,T5,PAR-037,Validar fechas en servidor con zona horaria visible al usuario.,unverified,,
MDL-038,Quiz_settings,Tiempo de cuestionario,https://docs.moodle.org/502/en/Quiz_settings,5.2 docs,pending,,LMS-020,T5,PAR-038,Aplicar plazo del servidor pese a manipulación del reloj del navegador.,unverified,,
MDL-039,Quiz_settings,Intentos de cuestionario,https://docs.moodle.org/502/en/Quiz_settings,5.2 docs,pending,,LMS-020,T5,PAR-039,Limitar intentos también ante solicitudes concurrentes.,unverified,,
MDL-040,Quiz_settings,Política de nota por intentos,https://docs.moodle.org/502/en/Quiz_settings,5.2 docs,pending,,LMS-020,T5,PAR-040,"Reproducir máximo, promedio, primero o último según configuración acordada.",unverified,,
MDL-041,Quiz_settings,Revisión de respuestas,https://docs.moodle.org/502/en/Quiz_settings,5.2 docs,pending,,LMS-020,T5,PAR-041,Mostrar soluciones solo en el momento autorizado por la configuración.,unverified,,
MDL-042,Content_bank,Creación H5P,https://docs.moodle.org/502/en/Content_bank,5.2 docs,pending,,LMS-015,T1,PAR-042,Crear contenido válido con bibliotecas compatibles y reproducirlo.,unverified,,H5P authoring excluded from original MVP
MDL-043,Content_bank,Biblioteca H5P,https://docs.moodle.org/502/en/Content_bank,5.2 docs,pending,,LMS-015,T1,PAR-043,Seleccionar contenido autorizado y mantener recursos y atribución.,unverified,,
